golang/go,58483
moby/moby,53455
kubernetes/kubernetes,53046
avelino/awesome-go,44131
getlantern/lantern,42112
gohugoio/hugo,35317
gogs/gogs,30349
astaxie/build-web-application-with-golang,30201
gin-gonic/gin,27481
syncthing/syncthing,26019
etcd-io/etcd,24966
prometheus/prometheus,24124
fatedier/frp,23591
ethereum/go-ethereum,23378
containous/traefik,22476
mholt/caddy,21950
junegunn/fzf,21609
astaxie/beego,20501
FiloSottile/mkcert,18881
pingcap/tidb,18769
drone/drone,18365
istio/istio,17704
hashicorp/terraform,16978
influxdata/influxdb,16383
cockroachdb/cockroach,16250
minio/minio,16241
inconshreveable/ngrok,16230
github/hub,16187
hashicorp/consul,15979
v2ray/v2ray-core,15883
nsqio/nsq,15289
wagoodman/dive,15204
Unknwon/the-way-to-go_ZH_CN,15146
kataras/iris,14794
mattermost/mattermost-server,14776
iikira/BaiduPCS-Go,14264
openfaas/faas,14256
ncw/rclone,14195
kubernetes/minikube,14145
go-gitea/gitea,14061
labstack/echo,13954
go-kit/kit,13697
joewalnes/websocketd,13682
jinzhu/gorm,13627
yeasy/docker_practice,13330
hashicorp/vault,12538
cayleygraph/cayley,12513
yudai/gotty,12377
jesseduffield/lazygit,12193
golang/dep,12188
spf13/cobra,12048
helm/helm,11845
rancher/rancher,11584
tsenart/vegeta,11545
go-delve/delve,11434
revel/revel,11075
sirupsen/logrus,11010
buger/goreplay,10952
zyedidia/micro,10908
urfave/cli,10769
go-martini/martini,10544
xtaci/kcptun,10270
fogleman/primitive,10190
tmrts/go-patterns,9760
boltdb/bolt,9752
google/grumpy,9703
dgraph-io/dgraph,9604
CodisLabs/codis,9458
julienschmidt/httprouter,9252
google/cadvisor,9164
coreybutler/nvm-windows,8987
hashicorp/packer,8941
gorilla/websocket,8934
kubernetes/kops,8927
gorilla/mux,8875
esimov/caire,8871
valyala/fasthttp,8747
txthinking/brook,8720
gizak/termui,8664
rkt/rkt,8640
spf13/viper,8515
bcicen/ctop,8471
google/gvisor,8380
grpc/grpc-go,8353
dutchcoders/transfer.sh,8318
gopherjs/gopherjs,8306
ipfs/go-ipfs,8261
hyperledger/fabric,8249
wtfutil/wtf,8229
asciimoo/wuzz,8151
dinedal/textql,8069
jaegertracing/jaeger,8056
vitessio/vitess,8007
goharbor/harbor,7920
chai2010/advanced-go-programming-book,7918
chrislusf/seaweedfs,7845
apex/apex,7779
gocolly/colly,7734
Masterminds/glide,7669
cyfdecyf/cow,7667